{"cameraMode":{"drawMode":0,"name":"Shaded","section":"Shading Mode"},"sceneLighting":true,"audioPlay":false,"sceneViewState":{"m_AlwaysRefresh":false,"showFog":true,"showSkybox":true,"showFlares":true,"showImageEffects":true,"showParticleSystems":true,"showVisualEffectGraphs":true,"m_FxEnabled":true},"in2DMode":false,"pivot":{"x":7.3336663246154789,"y":-1.6328444480895997,"z":-4.654680252075195},"rotation":{"x":0.01159087847918272,"y":0.9882712364196777,"z":-0.11646603792905808,"w":0.09821898490190506},"size":8.878918647766114,"orthographic":false}