{"cameraMode":{"drawMode":0,"name":"Shaded","section":"Shading Mode"},"sceneLighting":true,"audioPlay":false,"sceneViewState":{"m_AlwaysRefresh":false,"showFog":true,"showSkybox":true,"showFlares":true,"showImageEffects":true,"showParticleSystems":true,"showVisualEffectGraphs":true,"m_FxEnabled":true},"in2DMode":false,"pivot":{"x":43.88249969482422,"y":4.742856025695801,"z":-11.340988159179688},"rotation":{"x":0.06660807877779007,"y":0.7157931327819824,"z":-0.06893020123243332,"w":0.6917208433151245},"size":0.6124359369277954,"orthographic":false}